{"0": {"precision": 0.9993998999833306, "recall": 0.9992333333333333, "f1-score": 0.9993166097174765, "support": 30000.0}, "1": {"precision": 0.9652812385793548, "recall": 0.9684666666666667, "f1-score": 0.9668713289738597, "support": 30000.0}, "2": {"precision": 0.9710878086368052, "recall": 0.9662, "f1-score": 0.9686377383080753, "support": 30000.0}, "3": {"precision": 0.9951089668940276, "recall": 0.9969665655521851, "f1-score": 0.9960369001232224, "support": 29999.0}, "4": {"precision": 0.9999666677777408, "recall": 1.0, "f1-score": 0.9999833336111065, "support": 30000.0}, "accuracy": 0.986173241154941, "macro avg": {"precision": 0.9861689163742519, "recall": 0.9861733131104369, "f1-score": 0.9861691821467481, "support": 149999.0}, "weighted avg": {"precision": 0.9861688567735176, "recall": 0.986173241154941, "f1-score": 0.986169116361523, "support": 149999.0}}