{"test_accuracy": 0.9861732125282288, "test_loss": 0.03351830318570137}