{"accuracy": [0.7842792868614197, 0.899543285369873, 0.9302935600280762, 0.945915162563324, 0.9610081911087036, 0.9679539799690247, 0.97128826379776, 0.9734697341918945, 0.9751511812210083, 0.9768412113189697, 0.9779168963432312, 0.978766918182373, 0.979709804058075, 0.980365514755249, 0.980954110622406, 0.9816012382507324, 0.9819112420082092, 0.9827498197555542, 0.9832541346549988, 0.9836498498916626, 0.9841698408126831, 0.9846684336662292, 0.9849241375923157, 0.9852684140205383, 0.9857584238052368, 0.9862684607505798, 0.986536979675293, 0.9868670105934143, 0.9870213270187378, 0.9875555634498596], "loss": [0.4857809841632843, 0.224603533744812, 0.15563896298408508, 0.12236347794532776, 0.09072396159172058, 0.07489331066608429, 0.0665627047419548, 0.060791853815317154, 0.05716351419687271, 0.05379301682114601, 0.05129990354180336, 0.04933760687708855, 0.047268714755773544, 0.045931197702884674, 0.04444372281432152, 0.0430491603910923, 0.04209325090050697, 0.04040156677365303, 0.03971826657652855, 0.03846569359302521, 0.03757882118225098, 0.036510955542325974, 0.03581741079688072, 0.034880753606557846, 0.03412185609340668, 0.03278724104166031, 0.03246341273188591, 0.031582415103912354, 0.03127476945519447, 0.030326681211590767], "val_accuracy": [0.87517249584198, 0.9288262128829956, 0.940739631652832, 0.9562130570411682, 0.9629930853843689, 0.9709131121635437, 0.9721064567565918, 0.9761531949043274, 0.9744198322296143, 0.9790065288543701, 0.9794198870658875, 0.979719877243042, 0.9800931811332703, 0.9808865189552307, 0.9820132255554199, 0.9826532006263733, 0.9824665784835815, 0.9831798672676086, 0.9829598665237427, 0.9828199148178101, 0.9832865595817566, 0.9847398996353149, 0.9844799041748047, 0.985226571559906, 0.9849732518196106, 0.9853732585906982, 0.9843599200248718, 0.9851265549659729, 0.9863532185554504, 0.9855132102966309], "val_loss": [0.2758892774581909, 0.16262859106063843, 0.13115757703781128, 0.10074209421873093, 0.08174760639667511, 0.06524662673473358, 0.06430747359991074, 0.055187664926052094, 0.05955520644783974, 0.04964635893702507, 0.04906251281499863, 0.04684058576822281, 0.044929079711437225, 0.04367296025156975, 0.04094879329204559, 0.03999757021665573, 0.04094022512435913, 0.04013830050826073, 0.04133303463459015, 0.03976289927959442, 0.03947366029024124, 0.03606782481074333, 0.03621485456824303, 0.036355160176754, 0.03589574247598648, 0.03532467409968376, 0.03780936077237129, 0.03536064177751541, 0.032750602811574936, 0.03486704081296921]}